<?xml version="1.0" encoding="UTF-8"?>
<root>
  <item name="com.mwee.android.print.processor.command.CommandEsc java.lang.String getEncodeByLang(int) 0">
    <annotation name="android.support.annotation.IntDef">
      <val name="value" val="{com.mwee.android.print.encoding.Lang.CHINESE_SIMPLIE, com.mwee.android.print.encoding.Lang.CHINESE_TRANDITIONAL}" />
      <val name="flag" val="false" />
    </annotation>
  </item>
  <item name="com.mwee.android.print.processor.command.CommandEsc void printText(java.lang.String, int) 1">
    <annotation name="android.support.annotation.IntDef">
      <val name="value" val="{com.mwee.android.print.encoding.Lang.CHINESE_SIMPLIE, com.mwee.android.print.encoding.Lang.CHINESE_TRANDITIONAL}" />
      <val name="flag" val="false" />
    </annotation>
  </item>
  <item name="com.mwee.android.print.processor.command.CommandStar java.lang.String getEncodeByLang(int) 0">
    <annotation name="android.support.annotation.IntDef">
      <val name="value" val="{com.mwee.android.print.encoding.Lang.CHINESE_SIMPLIE, com.mwee.android.print.encoding.Lang.CHINESE_TRANDITIONAL}" />
      <val name="flag" val="false" />
    </annotation>
  </item>
  <item name="com.mwee.android.print.processor.command.CommandStar void printText(java.lang.String, int) 1">
    <annotation name="android.support.annotation.IntDef">
      <val name="value" val="{com.mwee.android.print.encoding.Lang.CHINESE_SIMPLIE, com.mwee.android.print.encoding.Lang.CHINESE_TRANDITIONAL}" />
      <val name="flag" val="false" />
    </annotation>
  </item>
  <item name="com.mwee.android.print.processor.command.CommandTsc java.lang.String getEncodeByLang(int) 0">
    <annotation name="android.support.annotation.IntDef">
      <val name="value" val="{com.mwee.android.print.encoding.Lang.CHINESE_SIMPLIE, com.mwee.android.print.encoding.Lang.CHINESE_TRANDITIONAL}" />
      <val name="flag" val="false" />
    </annotation>
  </item>
  <item name="com.mwee.android.print.processor.command.CommandTsc void printText(java.lang.String, int) 1">
    <annotation name="android.support.annotation.IntDef">
      <val name="value" val="{com.mwee.android.print.encoding.Lang.CHINESE_SIMPLIE, com.mwee.android.print.encoding.Lang.CHINESE_TRANDITIONAL}" />
      <val name="flag" val="false" />
    </annotation>
  </item>
  <item name="com.mwee.android.print.processor.command.ICommand java.lang.String getEncodeByLang(int) 0">
    <annotation name="android.support.annotation.IntDef">
      <val name="value" val="{com.mwee.android.print.encoding.Lang.CHINESE_SIMPLIE, com.mwee.android.print.encoding.Lang.CHINESE_TRANDITIONAL}" />
      <val name="flag" val="false" />
    </annotation>
  </item>
  <item name="com.mwee.android.print.processor.command.ICommand void printText(java.lang.String, int) 1">
    <annotation name="android.support.annotation.IntDef">
      <val name="value" val="{com.mwee.android.print.encoding.Lang.CHINESE_SIMPLIE, com.mwee.android.print.encoding.Lang.CHINESE_TRANDITIONAL}" />
      <val name="flag" val="false" />
    </annotation>
  </item>
</root>

