<?xml version="1.0" encoding="UTF-8"?>
<root>
  <item name="com.mwee.android.print.base.PaperType">
    <annotation name="android.support.annotation.IntDef">
      <val name="value" val="{com.mwee.android.print.base.PaperType.Thermal, com.mwee.android.print.base.PaperType.Impact, com.mwee.android.print.base.PaperType.Label}" />
    </annotation>
  </item>
  <item name="com.mwee.android.print.base.PrinterConfig paperType">
    <annotation name="android.support.annotation.IntDef">
      <val name="value" val="{com.mwee.android.print.base.PaperType.Thermal, com.mwee.android.print.base.PaperType.Impact, com.mwee.android.print.base.PaperType.Label}" />
    </annotation>
  </item>
</root>

